Tarih,Vaka_Sayisi
1995-01-02,3
1995-01-09,4
1995-01-16,7
1995-01-23,11
1995-01-30,22
1995-02-06,19
1995-02-13,27
1995-02-20,25
1995-02-27,29
1995-03-06,29
1995-03-13,28
1995-03-20,22
1995-03-27,18
1995-04-03,3
1995-10-16,0
1995-10-23,0
1995-10-30,4
1995-11-06,10
1995-11-13,14
1995-11-20,6
1995-11-27,27
1995-12-04,49
1995-12-11,36
1995-12-18,18
1995-12-25,0
1996-01-01,27
1996-01-08,26
1996-01-15,25
1996-01-22,22
1996-01-29,12
1996-02-05,0
1996-02-12,6
1996-02-19,3
1996-02-26,17
1996-03-04,11
1996-03-11,5
1996-03-18,6
1996-03-25,8
1996-04-01,3
1996-04-08,0
1996-04-15,1
1996-04-22,1
1996-04-29,0
1996-05-06,0
1996-05-13,1
1996-05-20,0
1996-05-27,0
1996-06-03,1
1996-06-10,0
1996-06-17,4
1996-06-24,6
1996-07-01,0
1996-07-08,1
1996-07-15,0
1996-07-22,0
1996-07-29,0
1996-08-05,0
1996-08-12,0
1996-08-19,0
1996-08-26,0
1996-09-02,3
1996-09-09,1
1996-09-16,1
1996-09-23,6
1996-09-30,6
1996-10-07,5
1996-10-14,10
1996-10-21,15
1996-10-28,19
1996-11-04,23
1996-11-11,18
1996-11-18,36
1996-11-25,91
1996-12-02,222
1996-12-09,491
1996-12-16,470
1996-12-23,306
1996-12-30,1202
1997-01-06,1422
1997-01-13,1409
1997-01-20,1204
1997-01-27,888
1997-02-03,801
1997-02-10,491
1997-02-17,650
1997-02-24,559
1997-03-03,385
1997-03-10,381
1997-03-17,344
1997-03-24,176
1997-03-31,76
1997-04-07,46
1997-04-14,15
1997-04-21,21
1997-04-28,21
1997-05-05,42
1997-05-12,25
1997-05-19,34
1997-05-26,33
1997-06-02,41
1997-06-09,38
1997-06-16,56
1997-06-23,89
1997-06-30,69
1997-07-07,71
1997-07-14,63
1997-07-21,48
1997-07-28,49
1997-08-04,71
1997-08-11,46
1997-08-18,37
1997-08-25,31
1997-09-01,28
1997-09-08,15
1997-09-15,18
1997-09-22,12
1997-09-29,20
1997-10-06,11
1997-10-13,26
1997-10-20,19
1997-10-27,17
1997-11-03,4
1997-11-10,10
1997-11-17,5
1997-11-24,18
1997-12-01,12
1997-12-08,26
1997-12-15,77
1997-12-22,52
1997-12-29,107
1998-01-05,127
1998-01-12,175
1998-01-19,260
1998-01-26,311
1998-02-02,925
1998-02-09,1100
1998-02-16,1273
1998-02-23,1184
1998-03-02,815
1998-03-09,544
1998-03-16,440
1998-03-23,414
1998-03-30,446
1998-04-06,172
1998-04-13,152
1998-04-20,107
1998-04-27,40
1998-05-04,87
1998-05-11,88
1998-05-18,104
1998-05-25,80
1998-06-01,67
1998-06-08,39
1998-06-15,27
1998-06-22,26
1998-06-29,24
1998-07-06,42
1998-07-13,48
1998-07-20,50
1998-07-27,33
1998-08-03,73
1998-08-10,27
1998-08-17,40
1998-08-24,52
1998-08-31,36
1998-09-07,22
1998-09-14,10
1998-09-21,12
1998-09-28,13
1998-10-05,21
1998-10-12,15
1998-10-19,19
1998-10-26,34
1998-11-02,34
1998-11-09,42
1998-11-16,65
1998-11-23,98
1998-11-30,132
1998-12-07,257
1998-12-14,376
1998-12-21,507
1998-12-28,1496
1999-01-04,3722
1999-01-11,4160
1999-01-18,3328
1999-01-25,4096
1999-02-01,3472
1999-02-08,4157
1999-02-15,2938
1999-02-22,3143
1999-03-01,2246
1999-03-08,1494
1999-03-15,741
1999-03-22,535
1999-03-29,389
1999-04-05,240
1999-04-12,192
1999-04-19,51
1999-04-26,61
1999-05-03,98
1999-05-10,90
1999-05-17,56
1999-05-24,74
1999-05-31,102
1999-06-07,118
1999-06-14,107
1999-06-21,186
1999-06-28,204
1999-07-05,192
1999-07-12,139
1999-07-19,116
1999-07-26,101
1999-08-02,77
1999-08-09,69
1999-08-16,40
1999-08-23,57
1999-08-30,38
1999-09-06,83
1999-09-13,25
1999-09-20,22
1999-09-27,48
1999-10-04,74
1999-10-11,81
1999-10-18,112
1999-10-25,149
1999-11-01,223
1999-11-08,351
1999-11-15,369
1999-11-22,820
1999-11-29,1419
1999-12-06,2341
1999-12-13,3071
1999-12-20,6422
1999-12-27,4581
2000-01-03,4522
2000-01-10,3846
2000-01-17,2965
2000-01-24,2351
2000-01-31,1379
2000-02-07,1326
2000-02-14,785
2000-02-21,584
2000-02-28,393
2000-03-06,223
2000-03-13,117
2000-03-20,89
2000-03-27,68
2000-04-03,66
2000-04-10,55
2000-04-17,34
2000-04-24,39
2000-05-01,51
2000-05-08,66
2000-05-15,73
2000-05-22,76
2000-05-29,73
2000-06-05,98
2000-06-12,106
2000-06-19,109
2000-06-26,95
2000-07-03,85
2000-07-10,73
2000-07-17,96
2000-07-24,68
2000-07-31,41
2000-08-07,50
2000-08-14,60
2000-08-21,97
2000-08-28,72
2000-09-04,48
2000-09-11,45
2000-09-18,25
2000-09-25,25
2000-10-02,34
2000-10-09,20
2000-10-16,30
2000-10-23,32
2000-10-30,184
2000-11-06,72
2000-11-13,125
2000-11-20,194
2000-11-27,320
2000-12-04,482
2000-12-11,667
2000-12-18,38
2000-12-25,844
2001-01-01,1205
2001-01-08,1927
2001-01-15,2588
2001-01-22,2791
2001-01-29,2792
2001-02-05,2128
2001-02-12,2163
2001-02-19,2011
2001-02-26,1621
2001-03-05,1302
2001-03-12,875
2001-03-19,688
2001-03-26,504
2001-04-02,344
2001-04-09,266
2001-04-16,210
2001-04-23,60
2001-04-30,72
2001-05-07,75
2001-05-14,49
2001-05-21,88
2001-05-28,130
2001-06-04,222
2001-06-11,289
2001-06-18,362
2001-06-25,261
2001-07-02,205
2001-07-09,179
2001-07-16,197
2001-07-23,178
2001-07-30,164
2001-08-06,178
2001-08-13,124
2001-08-20,115
2001-08-27,57
2001-09-03,88
2001-09-10,62
2001-09-17,64
2001-09-24,48
2001-10-01,19
2001-10-08,26
2001-10-15,36
2001-10-22,27
2001-10-29,32
2001-11-05,79
2001-11-12,62
2001-11-19,100
2001-11-26,119
2001-12-03,228
2001-12-10,290
2001-12-17,351
2001-12-24,607
2001-12-31,1285
2002-01-07,2375
2002-01-14,3098
2002-01-21,3666
2002-01-28,4261
2002-02-04,4075
2002-02-11,4318
2002-02-18,3666
2002-02-25,2902
2002-03-04,2333
2002-03-11,1947
2002-03-18,1488
2002-03-25,1019
2002-04-01,836
2002-04-08,663
2002-04-15,441
2002-04-22,306
2002-04-29,281
2002-05-06,220
2002-05-13,145
2002-05-20,176
2002-05-27,134
2002-06-03,156
2002-06-10,138
2002-06-17,185
2002-06-24,173
2002-07-01,141
2002-07-08,145
2002-07-15,125
2002-07-22,148
2002-07-29,105
2002-08-05,141
2002-08-12,134
2002-08-19,77
2002-08-26,134
2002-09-02,35
2002-09-09,44
2002-09-16,37
2002-09-23,42
2002-09-30,32
2002-10-07,46
2002-10-14,48
2002-10-21,40
2002-10-28,52
2002-11-04,125
2002-11-11,240
2002-11-18,279
2002-11-25,293
2002-12-02,485
2002-12-09,778
2002-12-16,754
2002-12-23,532
2002-12-30,1373
2003-01-06,1590
2003-01-13,2008
2003-01-20,2123
2003-01-27,2607
2003-02-03,2425
2003-02-10,2498
2003-02-17,2632
2003-02-24,2404
2003-03-03,2139
2003-03-10,1514
2003-03-17,1109
2003-03-24,746
2003-03-31,522
2003-04-07,396
2003-04-14,310
2003-04-21,205
2003-04-28,123
2003-05-05,181
2003-05-12,259
2003-05-19,288
2003-05-26,331
2003-06-02,298
2003-06-09,223
2003-06-16,226
2003-06-23,184
2003-06-30,188
2003-07-07,136
2003-07-14,153
2003-07-21,157
2003-07-28,226
2003-08-04,168
2003-08-11,180
2003-08-18,150
2003-08-25,130
2003-09-01,145
2003-09-08,323
2003-09-15,303
2003-09-22,88
2003-09-29,128
2003-10-06,261
2003-10-13,550
2003-10-20,825
2003-10-27,1136
2003-11-03,1576
2003-11-10,2351
2003-11-17,3247
2003-11-24,3825
2003-12-01,5197
2003-12-08,6028
2003-12-15,5582
2003-12-22,4115
2003-12-29,2952
2004-01-05,2315
2004-01-12,2222
2004-01-19,2079
2004-01-26,1935
2004-02-02,1184
2004-02-09,719
2004-02-16,532
2004-02-23,457
2004-03-01,325
2004-03-08,364
2004-03-15,301
2004-03-22,315
2004-03-29,269
2004-04-05,207
2004-04-12,181
2004-04-19,165
2004-04-26,203
2004-05-03,156
2004-05-10,191
2004-05-17,256
2004-05-24,248
2004-05-31,231
2004-06-07,192
2004-06-14,179
2004-06-21,147
2004-06-28,133
2004-07-05,111
2004-07-12,62
2004-07-19,67
2004-07-26,65
2004-08-02,62
2004-08-09,52
2004-08-16,51
2004-08-23,65
2004-08-30,62
2004-09-06,107
2004-09-13,123
2004-09-20,112
2004-09-27,135
2004-10-04,175
2004-10-11,130
2004-10-18,154
2004-10-25,108
2004-11-01,144
2004-11-08,151
2004-11-15,145
2004-11-22,184
2004-11-29,266
2004-12-06,402
2004-12-13,537
2004-12-20,911
2004-12-27,1252
2005-01-03,1693
2005-01-10,1755
2005-01-17,2508
2005-01-24,3256
2005-01-31,4061
2005-02-07,4324
2005-02-14,4522
2005-02-21,4033
2005-02-28,3384
2005-03-07,2588
2005-03-14,2315
2005-03-21,1502
2005-03-28,1150
2005-04-04,744
2005-04-11,507
2005-04-18,407
2005-04-25,274
2005-05-02,217
2005-05-09,233
2005-05-16,250
2005-05-23,272
2005-05-30,352
2005-06-06,412
2005-06-13,438
2005-06-20,466
2005-06-27,360
2005-07-04,354
2005-07-11,256
2005-07-18,259
2005-07-25,166
2005-08-01,134
2005-08-08,111
2005-08-15,107
2005-08-22,92
2005-08-29,96
2005-09-05,66
2005-09-12,63
2005-09-19,63
2005-09-26,79
2005-10-03,52
2005-10-10,92
2005-10-17,167
2005-10-24,183
2005-10-31,244
2005-11-07,302
2005-11-14,389
2005-11-21,349
2005-11-28,487
2005-12-05,607
2005-12-12,818
2005-12-19,1272
2005-12-26,1300
2006-01-02,1088
2006-01-09,1529
2006-01-16,1791
2006-01-23,1801
2006-01-30,1660
2006-02-06,1840
2006-02-13,2105
2006-02-20,2406
2006-02-27,2584
2006-03-06,2608
2006-03-13,2275
2006-03-20,2136
2006-03-27,1807
2006-04-03,1177
2006-04-10,861
2006-04-17,719
2006-04-24,461
2006-05-01,310
2006-05-08,251
2006-05-15,248
2006-05-22,233
2006-05-29,236
2006-06-05,269
2006-06-12,167
2006-06-19,180
2006-06-26,294
2006-07-03,249
2006-07-10,239
2006-07-17,306
2006-07-24,245
2006-07-31,279
2006-08-07,193
2006-08-14,213
2006-08-21,237
2006-08-28,234
2006-09-04,171
2006-09-11,205
2006-09-18,135
2006-09-25,192
2006-10-02,174
2006-10-09,225
2006-10-16,207
2006-10-23,182
2006-10-30,237
2006-11-06,280
2006-11-13,248
2006-11-20,314
2006-11-27,347
2006-12-04,568
2006-12-11,1025
2006-12-18,1423
2006-12-25,1588
2007-01-01,1420
2007-01-08,2154
2007-01-15,2540
2007-01-22,3271
2007-01-29,3973
2007-02-05,5087
2007-02-12,4918
2007-02-19,4871
2007-02-26,4743
2007-03-05,4246
2007-03-12,3469
2007-03-19,2533
2007-03-26,2020
2007-04-02,1275
2007-04-09,1043
2007-04-16,896
2007-04-23,712
2007-04-30,518
2007-05-07,434
2007-05-14,339
2007-05-21,358
2007-05-28,292
2007-06-04,345
2007-06-11,334
2007-06-18,361
2007-06-25,373
2007-07-02,382
2007-07-09,530
2007-07-16,380
2007-07-23,475
2007-07-30,362
2007-08-06,361
2007-08-13,353
2007-08-20,280
2007-08-27,223
2007-09-03,224
2007-09-10,293
2007-09-17,252
2007-09-24,380
2007-10-01,181
2007-10-08,194
2007-10-15,233
2007-10-22,176
2007-10-29,281
2007-11-05,364
2007-11-12,407
2007-11-19,504
2007-11-26,594
2007-12-03,866
2007-12-10,1088
2007-12-17,1158
2007-12-24,1000
2007-12-31,1589
2008-01-07,2782
2008-01-14,3367
2008-01-21,4545
2008-01-28,6341
2008-02-04,6942
2008-02-11,7183
2008-02-18,8053
2008-02-25,7053
2008-03-03,5837
2008-03-10,4616
2008-03-17,3883
2008-03-24,3059
2008-03-31,2542
2008-04-07,2067
2008-04-14,1647
2008-04-21,1207
2008-04-28,907
2008-05-05,708
2008-05-12,472
2008-05-19,398
2008-05-26,312
2008-06-02,328
2008-06-09,313
2008-06-16,309
2008-06-23,460
2008-06-30,367
2008-07-07,390
2008-07-14,384
2008-07-21,415
2008-07-28,366
2008-08-04,271
2008-08-11,232
2008-08-18,351
2008-08-25,388
2008-09-01,374
2008-09-08,375
2008-09-15,291
2008-09-22,278
2008-09-29,255
2008-10-06,265
2008-10-13,239
2008-10-20,275
2008-10-27,413
2008-11-03,388
2008-11-10,462
2008-11-17,515
2008-11-24,660
2008-12-01,955
2008-12-08,1356
2008-12-15,2091
2008-12-22,2628
2008-12-29,2348
2009-01-05,3246
2009-01-12,4230
2009-01-19,5086
2009-01-26,5193
2009-02-02,5860
2009-02-09,5972
2009-02-16,5703
2009-02-23,5561
2009-03-02,5419
2009-03-09,4556
2009-03-16,3893
2009-03-23,2858
2009-03-30,2675
2009-04-06,1852
2009-04-13,1649
2009-04-20,2938
2009-04-27,8871
2009-05-04,8842
2009-05-11,5858
2009-05-18,7385
2009-05-25,6624
2009-06-01,9548
2009-06-08,13004
2009-06-15,15898
2009-06-22,15659
2009-06-29,14527
2009-07-06,13844
2009-07-13,12429
2009-07-20,11502
2009-07-27,11775
2009-08-03,9904
2009-08-10,9459
2009-08-17,9926
2009-08-24,10083
2009-08-31,11735
2009-09-07,15300
2009-09-14,15281
2009-09-21,17006
2009-09-28,18270
2009-10-05,20393
2009-10-12,25463
2009-10-19,33396
2009-10-26,39363
2009-11-02,42497
2009-11-09,40796
2009-11-16,38075
2009-11-23,29458
2009-11-30,21762
2009-12-07,18495
2009-12-14,13925
2009-12-21,10320
2009-12-28,6626
2010-01-04,7153
2010-01-11,6036
2010-01-18,5479
2010-01-25,4305
2010-02-01,4007
2010-02-08,3517
2010-02-15,2794
2010-02-22,3130
2010-03-01,3018
2010-03-08,3045
2010-03-15,2958
2010-03-22,2607
2010-03-29,2611
2010-04-05,2137
2010-04-12,1834
2010-04-19,1708
2010-04-26,1443
2010-05-03,1349
2010-05-10,1175
2010-05-17,1012
2010-05-24,841
2010-05-31,961
2010-06-07,987
2010-06-14,783
2010-06-21,937
2010-06-28,1002
2010-07-05,1052
2010-07-12,1363
2010-07-19,1446
2010-07-26,1712
2010-08-02,1991
2010-08-09,2147
2010-08-16,2249
2010-08-23,2618
2010-08-30,2550
2010-09-06,2595
2010-09-13,2432
2010-09-20,2253
2010-09-27,1993
2010-10-04,1781
2010-10-11,1806
2010-10-18,1655
2010-10-25,1579
2010-11-01,1516
2010-11-08,1649
2010-11-15,1766
2010-11-22,2311
2010-11-29,2597
2010-12-06,3347
2010-12-13,4837
2010-12-20,7252
2010-12-27,9388
2011-01-03,12363
2011-01-10,14364
2011-01-17,17451
2011-01-24,19314
2011-01-31,19596
2011-02-07,20198
2011-02-14,18723
2011-02-21,14664
2011-02-28,12482
2011-03-07,8737
2011-03-14,7546
2011-03-21,5371
2011-03-28,3940
2011-04-04,2884
2011-04-11,2054
2011-04-18,1314
2011-04-25,1065
2011-05-02,651
2011-05-09,605
2011-05-16,587
2011-05-23,622
2011-05-30,609
2011-06-06,708
2011-06-13,704
2011-06-20,701
2011-06-27,673
2011-07-04,938
2011-07-11,989
2011-07-18,1060
2011-07-25,1017
2011-08-01,994
2011-08-08,1034
2011-08-15,1043
2011-08-22,943
2011-08-29,912
2011-09-05,975
2011-09-12,1105
2011-09-19,1148
2011-09-26,1559
2011-10-03,1071
2011-10-10,1189
2011-10-17,1283
2011-10-24,1221
2011-10-31,1103
2011-11-07,952
2011-11-14,947
2011-11-21,956
2011-11-28,995
2011-12-05,1188
2011-12-12,1684
2011-12-19,1963
2011-12-26,2393
2012-01-02,3105
2012-01-09,4404
2012-01-16,5316
2012-01-23,5245
2012-01-30,6653
2012-02-06,7705
2012-02-13,9414
2012-02-20,10956
2012-02-27,11723
2012-03-05,10874
2012-03-12,11119
2012-03-19,9642
2012-03-26,7781
2012-04-02,5726
2012-04-09,5123
2012-04-16,4394
2012-04-23,3083
2012-04-30,2304
2012-05-07,1822
2012-05-14,1556
2012-05-21,1388
2012-05-28,1449
2012-06-04,1443
2012-06-11,1489
2012-06-18,1456
2012-06-25,1785
2012-07-02,1985
2012-07-09,2261
2012-07-16,2109
2012-07-23,2329
2012-07-30,2249
2012-08-06,2001
2012-08-13,1987
2012-08-20,1777
2012-08-27,1724
2012-09-03,1641
2012-09-10,1613
2012-09-17,1395
2012-09-24,1340
2012-10-01,1394
2012-10-08,1501
2012-10-15,1773
2012-10-22,1446
2012-10-29,1384
2012-11-05,1796
2012-11-12,2019
2012-11-19,2691
2012-11-26,3571
2012-12-03,5670
2012-12-10,8052
2012-12-17,8821
2012-12-24,10601
2012-12-31,14535
2013-01-07,16923
2013-01-14,15907
2013-01-21,16682
2013-01-28,16635
2013-02-04,16105
2013-02-11,15554
2013-02-18,14629
2013-02-25,14216
2013-03-04,12315
2013-03-11,10524
2013-03-18,8613
2013-03-25,6418
2013-04-01,5597
2013-04-08,5033
2013-04-15,3829
2013-04-22,2689
2013-04-29,2279
2013-05-06,1995
2013-05-13,1889
2013-05-20,1708
2013-05-27,1662
2013-06-03,1947
2013-06-10,2404
2013-06-17,2195
2013-06-24,2455
2013-07-01,2581
2013-07-08,2351
2013-07-15,2281
2013-07-22,2053
2013-07-29,1866
2013-08-05,1685
2013-08-12,1562
2013-08-19,1358
2013-08-26,1509
2013-09-02,1416
2013-09-09,1486
2013-09-16,1442
2013-09-23,1399
2013-09-30,1309
2013-10-07,1347
2013-10-14,1166
2013-10-21,1292
2013-10-28,1450
2013-11-04,1535
2013-11-11,1867
2013-11-18,2255
2013-11-25,3047
2013-12-02,4377
2013-12-09,5468
2013-12-16,8195
2013-12-23,10826
2013-12-30,13109
2014-01-06,16151
2014-01-13,16296
2014-01-20,15504
2014-01-27,12616
2014-02-03,12388
2014-02-10,12024
2014-02-17,11041
2014-02-24,10117
2014-03-03,9006
2014-03-10,8362
2014-03-17,7542
2014-03-24,6223
2014-03-31,5248
2014-04-07,4635
2014-04-14,3368
2014-04-21,3359
2014-04-28,2979
2014-05-05,2544
2014-05-12,2205
2014-05-19,1787
2014-05-26,1610
2014-06-02,1671
2014-06-09,1832
2014-06-16,1789
2014-06-23,1971
2014-06-30,2322
2014-07-07,2683
2014-07-14,2888
2014-07-21,2843
2014-07-28,2784
2014-08-04,2665
2014-08-11,2625
2014-08-18,2611
2014-08-25,2279
2014-09-01,2141
2014-09-08,1822
2014-09-15,1534
2014-09-22,1225
2014-09-29,1283
2014-10-06,1350
2014-10-13,1399
2014-10-20,1481
2014-10-27,1621
2014-11-03,2189
2014-11-10,2691
2014-11-17,4195
2014-11-24,6389
2014-12-01,8834
2014-12-08,12975
2014-12-15,18549
2014-12-22,21675
2014-12-29,20464
2015-01-05,20075
2015-01-12,20394
2015-01-19,20679
2015-01-26,20223
2015-02-02,20758
2015-02-09,20809
2015-02-16,20359
2015-02-23,18361
2015-03-02,15500
2015-03-09,13637
2015-03-16,11448
2015-03-23,9628
2015-03-30,7644
2015-04-06,6090
2015-04-13,4792
2015-04-20,3720
2015-04-27,2808
2015-05-04,2435
2015-05-11,1974
2015-05-18,1732
2015-05-25,1469
2015-06-01,1682
2015-06-08,2020
2015-06-15,2177
2015-06-22,2220
2015-06-29,2447
2015-07-06,2532
2015-07-13,2397
2015-07-20,2630
2015-07-27,2814
2015-08-03,2614
2015-08-10,2466
2015-08-17,2377
2015-08-24,2298
2015-08-31,1987
2015-09-07,1845
2015-09-14,1592
2015-09-21,1475
2015-09-28,1203
2015-10-05,1241
2015-10-12,1175
2015-10-19,1280
2015-10-26,1253
2015-11-02,1280
2015-11-09,1756
2015-11-16,1815
2015-11-23,1715
2015-11-30,1692
2015-12-07,2737
2015-12-14,4129
2015-12-21,4507
2015-12-28,4686
2016-01-04,8481
2016-01-11,10892
2016-01-18,15415
2016-01-25,19862
2016-02-01,22795
2016-02-08,23753
2016-02-15,25486
2016-02-22,29120
2016-02-29,29768
2016-03-07,31021
2016-03-14,27628
2016-03-21,21839
2016-03-28,18868
2016-04-04,14093
2016-04-11,11138
2016-04-18,8476
2016-04-25,6622
2016-05-02,4675
2016-05-09,4215
2016-05-16,3709
2016-05-23,3458
2016-05-30,3189
2016-06-06,2925
2016-06-13,2500
2016-06-20,2212
2016-06-27,1766
2016-07-04,1515
2016-07-11,1546
2016-07-18,1496
2016-07-25,1614
2016-08-01,1659
2016-08-08,1758
2016-08-15,1704
2016-08-22,1762
2016-08-29,1759
2016-09-05,1718
2016-09-12,1616
2016-09-19,1652
2016-09-26,1545
2016-10-03,1581
2016-10-10,1585
2016-10-17,1897
2016-10-24,2000
2016-10-31,2322
2016-11-07,2887
2016-11-14,3555
2016-11-21,4255
2016-11-28,5899
2016-12-05,8767
2016-12-12,12441
2016-12-19,18983
2016-12-26,23812
2017-01-02,25658
2017-01-09,27756
2017-01-16,27374
2017-01-23,26803
2017-01-30,28308
2017-02-06,28883
2017-02-13,27530
2017-02-20,25734
2017-02-27,19759
2017-03-06,17316
2017-03-13,15259
2017-03-20,13995
2017-03-27,13143
2017-04-03,9973
2017-04-10,7727
2017-04-17,5985
2017-04-24,4811
2017-05-01,3875
2017-05-08,3668
2017-05-15,3604
2017-05-22,3217
2017-05-29,3017
2017-06-05,3079
2017-06-12,3052
2017-06-19,3037
2017-06-26,2874
2017-07-03,2870
2017-07-10,2819
2017-07-17,3062
2017-07-24,2962
2017-07-31,3347
2017-08-07,3929
2017-08-14,3894
2017-08-21,3769
2017-08-28,3773
2017-09-04,3761
2017-09-11,3746
2017-09-18,3004
2017-09-25,2893
2017-10-02,2721
2017-10-09,3016
2017-10-16,2933
2017-10-23,3490
2017-10-30,3792
2017-11-06,4587
2017-11-13,5547
2017-11-20,7061
2017-11-27,9541
2017-12-04,12923
2017-12-11,18582
2017-12-18,29605
2017-12-25,37491
2018-01-01,44405
2018-01-08,47877
2018-01-15,48643
2018-01-22,52578
2018-01-29,52835
2018-02-05,52306
2018-02-12,48322
2018-02-19,40853
2018-02-26,32427
2018-03-05,28271
2018-03-12,23766
2018-03-19,19671
2018-03-26,16252
2018-04-02,13009
2018-04-09,10058
2018-04-16,7447
2018-04-23,5523
2018-04-30,3678
2018-05-07,2724
2018-05-14,2352
2018-05-21,1706
2018-05-28,1669
2018-06-04,1865
2018-06-11,1515
2018-06-18,1720
2018-06-25,1574
2018-07-02,1671
2018-07-09,1656
2018-07-16,1596
2018-07-23,1425
2018-07-30,1363
2018-08-06,1513
2018-08-13,1608
2018-08-20,1735
2018-08-27,1965
2018-09-03,1852
2018-09-10,2011
2018-09-17,1911
2018-09-24,1854
2018-10-01,2022
2018-10-08,2160
2018-10-15,2319
2018-10-22,2915
2018-10-29,2987
2018-11-05,3562
2018-11-12,4123
2018-11-19,4700
2018-11-26,5902
2018-12-03,7933
2018-12-10,11372
2018-12-17,16616
2018-12-24,19431
2018-12-31,21547
2019-01-07,27192
2019-01-14,32765
2019-01-21,38919
2019-01-28,44007
2019-02-04,48037
2019-02-11,46827
2019-02-18,42732
2019-02-25,36962
2019-03-04,33148
2019-03-11,31238
2019-03-18,25040
2019-03-25,20433
2019-04-01,14097
2019-04-08,12110
2019-04-15,8986
2019-04-22,6998
2019-04-29,4848
2019-05-06,4759
2019-05-13,4844
2019-05-20,4871
2019-05-27,4433
2019-06-03,4581
2019-06-10,4389
2019-06-17,4436
2019-06-24,4362
2019-07-01,4001
2019-07-08,3427
2019-07-15,3452
2019-07-22,2804
2019-07-29,2561
2019-08-05,2517
2019-08-12,2513
2019-08-19,2698
2019-08-26,2660
2019-09-02,2732
2019-09-09,2398
2019-09-16,2346
2019-09-23,2549
2019-09-30,2695
2019-10-07,3001
2019-10-14,3022
2019-10-21,3577
2019-10-28,4115
2019-11-04,6051
2019-11-11,7147
2019-11-18,9895
2019-11-25,11248
2019-12-02,14848
2019-12-09,20458
2019-12-16,29131
2019-12-23,35528
2019-12-30,34838
2020-01-06,36238
2020-01-13,38620
2020-01-20,44911
2020-01-27,51438
2020-02-03,49506
2020-02-10,45937
2020-02-17,40314
2020-02-24,37395
2020-03-02,32559
2020-03-09,25479
2020-03-16,12442
2020-03-23,3895
2020-03-30,1627
2020-04-06,685
2020-04-13,338
2020-04-20,215
2020-04-27,162
2020-05-04,113
2020-05-11,109
2020-05-18,39
2020-05-25,38
2020-06-01,45
2020-06-08,51
2020-06-15,41
2020-06-22,40
2020-06-29,40
2020-07-06,25
2020-07-13,44
2020-07-20,35
2020-07-27,27
2020-08-03,33
2020-08-10,49
2020-08-17,36
2020-08-24,47
2020-08-31,95
2020-09-07,102
2020-09-14,126
2020-09-21,114
2020-09-28,181
2020-10-05,213
2020-10-12,199
2020-10-19,186
2020-10-26,176
2020-11-02,186
2020-11-09,220
2020-11-16,216
2020-11-23,191
2020-11-30,235
2020-12-07,221
2020-12-14,275
2020-12-21,250
2020-12-28,224
2021-01-04,430
2021-01-11,341
2021-01-18,355
2021-01-25,323
2021-02-01,350
2021-02-08,224
2021-02-15,230
2021-02-22,259
2021-03-01,287
2021-03-08,268
2021-03-15,369
2021-03-22,335
2021-03-29,323
2021-04-05,363
2021-04-12,408
2021-04-19,421
2021-04-26,441
2021-05-03,433
2021-05-10,363
2021-05-17,469
2021-05-24,564
2021-05-31,554
2021-06-07,519
2021-06-14,422
2021-06-21,377
2021-06-28,348
2021-07-05,403
2021-07-12,495
2021-07-19,462
2021-07-26,588
2021-08-02,676
2021-08-09,908
2021-08-16,914
2021-08-23,892
2021-08-30,985
2021-09-06,1100
2021-09-13,1148
2021-09-20,1230
2021-09-27,1360
2021-10-04,1404
2021-10-11,1449
2021-10-18,1464
2021-10-25,1624
2021-11-01,2018
2021-11-08,2357
2021-11-15,3879
2021-11-22,5037
2021-11-29,7885
2021-12-06,12332
2021-12-13,16895
2021-12-20,17758
2021-12-27,16980
2022-01-03,14314
2022-01-10,12335
2022-01-17,9581
2022-01-24,7759
2022-01-31,5584
2022-02-07,7188
2022-02-14,8090
2022-02-21,8680
2022-02-28,11405
2022-03-07,15349
2022-03-14,19348
2022-03-21,21642
2022-03-28,21663
2022-04-04,23277
2022-04-11,19784
2022-04-18,16752
2022-04-25,14959
2022-05-02,14193
2022-05-09,13698
2022-05-16,11800
2022-05-23,10988
2022-05-30,9678
2022-06-06,8757
2022-06-13,7610
2022-06-20,7047
2022-06-27,5762
2022-07-04,5311
2022-07-11,4535
2022-07-18,3842
2022-07-25,3448
2022-08-01,3507
2022-08-08,3711
2022-08-15,3274
2022-08-22,3270
2022-08-29,2967
2022-09-05,3225
2022-09-12,3479
2022-09-19,4155
2022-09-26,5114
2022-10-03,6560
2022-10-10,8832
2022-10-17,13083
2022-10-24,20085
2022-10-31,29733
2022-11-07,36807
2022-11-14,47196
2022-11-21,62425
2022-11-28,74943
2022-12-05,76342
2022-12-12,77495
2022-12-19,72825
2022-12-26,55611
2023-01-02,36676
2023-01-09,23178
2023-01-16,17390
2023-01-23,15776
2023-01-30,17004
2023-02-06,18147
2023-02-13,21022
2023-02-20,23869
2023-02-27,28088
2023-03-06,28520
2023-03-13,27562
2023-03-20,26045
2023-03-27,22978
2023-04-03,17611
2023-04-10,14500
2023-04-17,12046
2023-04-24,9745
2023-05-01,7834
2023-05-08,7334
2023-05-15,6522
2023-05-22,6062
2023-05-29,5643
2023-06-05,5157
2023-06-12,4687
2023-06-19,4328
2023-06-26,4105
2023-07-03,4546
2023-07-10,3528
2023-07-17,3165
2023-07-24,3100
2023-07-31,3071
2023-08-07,3309
2023-08-14,3255
2023-08-21,3481
2023-08-28,3544
2023-09-04,3920
2023-09-11,4513
2023-09-18,5113
2023-09-25,5169
2023-10-02,6089
2023-10-09,7626
2023-10-16,9009
2023-10-23,11222
2023-10-30,13294
2023-11-06,17650
2023-11-13,23685
2023-11-20,30910
2023-11-27,37954
2023-12-04,47340
2023-12-11,58255
2023-12-18,69621
2023-12-25,73285
2024-01-01,64879
2024-01-08,58272
2024-01-15,56911
2024-01-22,61423
2024-01-29,61808
2024-02-05,55354
2024-02-12,49058
2024-02-19,44949
2024-02-26,38406
2024-03-04,33661
2024-03-11,28652
2024-03-18,24288
2024-03-25,20241
2024-04-01,17310
2024-04-08,13967
2024-04-15,12207
2024-04-22,11442
2024-04-29,10223
2024-05-06,10170
2024-05-13,9946
2024-05-20,10229
2024-05-27,10266
2024-06-03,9818
2024-06-10,8631
2024-06-17,7359
2024-06-24,7778
2024-07-01,7727
2024-07-08,6697
2024-07-15,6096
2024-07-22,5705
2024-07-29,5092
2024-08-05,4696
2024-08-12,4341
2024-08-19,4198
2024-08-26,3961
2024-09-02,4057
2024-09-09,4010
2024-09-16,4164
2024-09-23,3980
2024-09-30,4166
2024-10-07,4413
2024-10-14,4911
2024-10-21,5427
2024-10-28,5917
2024-11-04,6601
2024-11-11,8086
2024-11-18,10171
2024-11-25,13300
2024-12-02,18138
2024-12-09,28498
2024-12-16,48022
2024-12-23,58715
2024-12-30,69328
2025-01-06,74170
2025-01-13,86348
2025-01-20,103005
2025-01-27,121929
2025-02-03,120878
2025-02-10,108109
2025-02-17,95023
2025-02-24,79287
2025-03-03,63860
2025-03-10,51537
2025-03-17,41000
2025-03-24,32749
2025-03-31,26222
2025-04-07,21742
2025-04-14,17646
2025-04-21,15987
2025-04-28,12666
2025-05-05,11696
2025-05-12,11027
2025-05-19,10534
2025-05-26,9992
2025-06-02,9401
2025-06-09,8175
2025-06-16,7130
2025-06-23,6146
2025-06-30,5384
2025-07-07,4753
2025-07-14,4079
2025-07-21,3950
2025-07-28,3580
2025-08-04,3418
2025-08-11,3701
2025-08-18,3646
2025-08-25,3654
2025-09-01,3597
2025-09-08,3939
2025-09-15,4177
2025-09-22,4832
2025-09-29,5625
2025-10-06,6894
2025-10-13,8600
2025-10-20,11250
2025-10-27,14285
2025-11-03,19450
2025-11-10,23898
2025-11-17,30085
2025-11-24,40616
2025-12-01,53690
2025-12-08,70115
2025-12-15,93735
2025-12-22,100959
2025-12-29,83419
2026-01-05,67979
2026-01-12,55839
2026-01-19,49978
2026-01-26,47148
2026-02-02,46711
2026-02-09,43249
2026-02-16,38635
2026-02-23,32891
2026-03-02,27532
2026-03-09,23243
2026-03-16,19199
2026-03-23,17056
2026-03-30,14265
2026-04-06,12097
2026-04-13,10270
2026-04-20,9408
2026-04-27,6923
2026-05-04,4449